gemeinde;ort_id;ort
Klein Vielen;509;Adamsdorf (Klein Vielen)
Fünfseen;385;Adamshoffnung (Fünfseen)
Röckwitz;132;Adamshof (Röckwitz)
Wesenberg, Stadt;886;Ahrensberg (Wesenberg, Stadt)
Dargun, Stadt;292;Altbauhof (Dargun, Stadt)
Altenhagen;136;Altenhagen (Altenhagen)
Altenhof;138;Altenhof (Altenhof)
Waren (Müritz), Stadt;866;Alt Falkenhagen (Waren (Müritz), Stadt)
Jabel;492;Alt Gaarz (Jabel)
Lärz;546;Alt Gaarz (Lärz)
Lindetal;557;Alt Käbelich (Lindetal)
Kentzlin;2;Alt Kentzlin (Kentzlin)
Malchin, Stadt;576;Alt Panstorf (Malchin, Stadt)
Penzlin, Stadt;252;Alt Rehse (Penzlin, Stadt)
Peenehagen;712;Alt Schönau (Peenehagen)
Alt Schwerin;149;Alt Schwerin (Alt Schwerin)
Rechlin;731;Amalienhof (Rechlin)
Ankershagen;153;Ankershagen (Ankershagen)
Nossendorf;4;Annenhof (Nossendorf)
Melz;86;Augusthof (Melz)
Penzlin, Stadt;259;Ave (Penzlin, Stadt)
Kummerow;545;Axelshof (Kummerow)
Mirow, Stadt;38;Babke (Mirow, Stadt)
Groß Miltzow;436;Badresch (Groß Miltzow)
Stuer;83;Bad Stuer (Stuer)
Lindetal;562;Ballin (Lindetal)
Holldorf;485;Ballwitz (Holldorf)
Burg Stargard, Stadt;199;Bargensdorf (Burg Stargard, Stadt)
Pripsleben;728;Barkow (Pripsleben)
Dargun, Stadt;228;Barlin (Dargun, Stadt)
Bartow;156;Bartow (Bartow)
Basedow;157;Basedow (Basedow)
Basedow;17;Basedow Höhe (Basedow)
Stavenhagen, Reuterstadt, Sta*;103;Basepohl Am See (Stavenhagen, Reuterstadt, Sta*)
Stavenhagen, Reuterstadt, Sta*;813;Basepohl (Stavenhagen, Reuterstadt, Sta*)
Datzetal;302;Bassow (Datzetal)
Möllenhagen;95;Bauernberg (Möllenhagen)
Grabowhöfe;424;Baumgarten (Grabowhöfe)
Groß Plasten;109;Beckenkrug (Groß Plasten)
Warrenzin;876;Beestland (Warrenzin)
Beggerow;161;Beggerow (Beggerow)
Eldetal;416;Below (Eldetal)
Wesenberg, Stadt;49;Below (Wesenberg, Stadt)
Carpin;215;Bergfeld (Carpin)
Beseritz;163;Beseritz (Beseritz)
Malchow, Stadt;26;Biestorf (Malchow, Stadt)
Brunn;284;Birkhof (Brunn)
Breest;119;Bittersberg (Breest)
Mirow, Stadt;599;Blankenfelde (Mirow, Stadt)
Mirow, Stadt;590;Blankenförde (Mirow, Stadt)
Blankenhof;165;Blankenhof (Blankenhof)
Blankensee;167;Blankensee (Blankensee)
Klocksin;115;Blücherhof (Klocksin)
Woldegk, Stadt;917;Blücher (Woldegk, Stadt)
Blumenholz;60;Blumenhagen (Blumenholz)
Blumenholz;173;Blumenholz (Blumenholz)
Ankershagen;150;Bocksee (Ankershagen)
Rechlin;734;Boek (Rechlin)
Bollewick;175;Bollewick (Bollewick)
Kriesow;538;Borgfeld (Kriesow)
Ankershagen;97;Bornhof (Ankershagen)
Groß Nemerow;445;Bornmühle (Groß Nemerow)
Borrentin;178;Borrentin (Borrentin)
Bredenfelde;186;Bredenfelde (Bredenfelde)
Woldegk, Stadt;933;Bredenfelde (Woldegk, Stadt)
Breesen;187;Breesen (Breesen)
Breest;190;Breest (Breest)
Friedland, Stadt;367;Bresewitz (Friedland, Stadt)
Briggow;192;Briggow (Briggow)
Friedland, Stadt;369;Brohm (Friedland, Stadt)
Wokuhl-Dabelow;897;Brückentin (Wokuhl-Dabelow)
Dargun, Stadt;226;Brudersdorf (Dargun, Stadt)
Brunn;194;Brunn (Brunn)
Klein Vielen;512;Brustorf (Klein Vielen)
Altentreptow, Stadt;141;Buchar (Altentreptow, Stadt)
Trollenhagen;826;Buchhof (Trollenhagen)
Buchholz;198;Buchholz (Buchholz)
Mölln;100;Buchholz (Mölln)
Burg Stargard, Stadt;200;Burg Stargard (Burg Stargard, Stadt)
Burow;209;Burow (Burow)
Schwarz;782;Buschhof (Schwarz)
Beggerow;158;Buschmühl (Beggerow)
Bütow;212;Bütow (Bütow)
Burg Stargard, Stadt;201;Cammin (Burg Stargard, Stadt)
Wustrow;948;Canow (Wustrow)
Feldberger Seenlandschaft;331;Cantnitz (Feldberger Seenlandschaft)
Woldegk, Stadt;922;Canzow (Woldegk, Stadt)
Woldegk, Stadt;909;Carlslust (Woldegk, Stadt)
Zettemin;950;Carlsruhe (Zettemin)
Peenehagen;713;Carlsruh (Peenehagen)
Penzlin, Stadt;268;Carlstein (Penzlin, Stadt)
Groß Plasten;843;Carolinenhof (Groß Plasten)
Wokuhl-Dabelow;71;Carolinenhof (Wokuhl-Dabelow)
Woldegk, Stadt;1028;Carolinenhof (Woldegk, Stadt)
Carpin;216;Carpin (Carpin)
Feldberger Seenlandschaft;349;Carwitz (Feldberger Seenlandschaft)
Schönbeck;126;Charlottenhof (Schönbeck)
Blankenhof;164;Chemnitz (Blankenhof)
Gielow;397;Christinenhof (Gielow)
Kittendorf;505;Clausdorf (Kittendorf)
Cölpin;220;Cölpin (Cölpin)
Wokuhl-Dabelow;896;Comthurey (Wokuhl-Dabelow)
Feldberger Seenlandschaft;345;Conow (Feldberger Seenlandschaft)
Friedland, Stadt;368;Cosa (Friedland, Stadt)
Hohen Wangelin;475;Cramon (Hohen Wangelin)
Wokuhl-Dabelow;898;Dabelow (Wokuhl-Dabelow)
Brunn;195;Dahlen (Brunn)
Kratzeburg;76;Dalmsdorf (Kratzeburg)
Bütow;213;Dambeck (Bütow)
Kratzeburg;75;Dambeck (Kratzeburg)
Jabel;496;Damerow (Jabel)
Kargow;117;Damerow (Kargow)
Fincken;361;Dammwolde (Fincken)
Dargun, Stadt;227;Darbein (Dargun, Stadt)
Altenhof;139;Darze (Altenhof)
Faulenrost;327;Demzin (Faulenrost)
Demmin, Hansestadt;311;Deven  (Demmin, Hansestadt)
Groß Plasten;449;Deven (Groß Plasten)
Lindetal;563;Dewitz (Lindetal)
Mirow, Stadt;605;Diemitz (Mirow, Stadt)
Friedland, Stadt;366;Dishley (Friedland, Stadt)
Feldberger Seenlandschaft;337;Dolgen (Feldberger Seenlandschaft)
Dargun, Stadt;232;Dörgelin (Dargun, Stadt)
Utzedel;8;Dorotheenhof (Utzedel)
Neustrelitz, Stadt;679;Drewin (Neustrelitz, Stadt)
Nossentiner Hütte;704;Drewitz (Nossentiner Hütte)
Demmin, Hansestadt;310;Drönnewitz (Demmin, Hansestadt)
Wustrow;945;Drosedow (Wustrow)
Malchin, Stadt;322;Duckow (Malchin, Stadt)
Woldegk, Stadt;913;Düppel (Woldegk, Stadt)
Godendorf;77;Düsterförde (Godendorf)
Blumenholz;61;Ehrenhof (Blumenholz)
Friedland, Stadt;374;Eichhorst (Friedland, Stadt)
Klink;116;Eldenburg-Süd (Klink)
Waren (Müritz), Stadt;872;Eldenburg (Waren (Müritz), Stadt)
Waren (Müritz), Stadt;873;Eldenholz (Waren (Müritz), Stadt)
Bütow;93;Erlenkamp (Bütow)
Siedenbrünzow;791;Eugenienberg (Siedenbrünzow)
Eldetal;87;Evchensruh (Eldetal)
Kriesow;535;Fahrenholz (Kriesow)
Faulenrost;325;Faulenrost (Faulenrost)
Kargow;239;Federow (Kargow)
Feldberger Seenlandschaft;339;Feldberg (Feldberger Seenlandschaft)
Fincken;362;Fichtental (Fincken)
Fincken;359;Fincken (Fincken)
Möllenbeck;607;Flatow (Möllenbeck)
Mirow, Stadt;603;Fleether Mühle (Mirow, Stadt)
Mirow, Stadt;604;Fleeth (Mirow, Stadt)
Blumenholz;1007;Försterei Carlshof (Blumenholz)
Wildberg;893;Fouquettin (Wildberg)
Neukalen, Stadt;671;Franzensberg (Neukalen, Stadt)
Möllenhagen;94;Freidorf (Möllenhagen)
Ankershagen;151;Friedrichsfelde (Ankershagen)
Blankensee;57;Friedrichsfelde (Blankensee)
Altentreptow, Stadt;236;Friedrichshof (Altentreptow, Stadt)
Blumenholz;62;Friedrichshof (Blumenholz)
Galenbeck;392;Friedrichshof (Galenbeck)
Kublank;539;Friedrichshof (Kublank)
Melz;85;Friedrichshof (Melz)
Wolde;129;Friedrichshof (Wolde)
Woldegk, Stadt;914;Friedrichshöh (Woldegk, Stadt)
Knorrendorf;526;Friedrichsruh (Knorrendorf)
Kublank;540;Funkenhof (Kublank)
Feldberger Seenlandschaft;346;Fürstenhagen (Feldberger Seenlandschaft)
Neustrelitz, Stadt;678;Fürstensee (Neustrelitz, Stadt)
Lärz;88;Gaarzer Mühle (Lärz)
Knorrendorf;525;Gädebehn (Knorrendorf)
Galenbeck;394;Galenbeck (Galenbeck)
Ritzerow;957;Galenbeck  (Ritzerow)
Sarow;762;Ganschendorf (Sarow)
Brunn;196;Ganzkow (Brunn)
Beggerow;160;Gatschow (Beggerow)
Sarow;758;Gehmkow (Sarow)
Friedland, Stadt;1684;Genzkow (Friedland, Stadt)
Pragsdorf;724;Georgendorf (Pragsdorf)
Carpin;217;Georgenhof (Carpin)
Woldegk, Stadt;924;Georginenau (Woldegk, Stadt)
Basedow;15;Gessin (Basedow)
Blankenhof;166;Gevezin (Blankenhof)
Gielow;400;Gielower Mühle (Gielow)
Gielow;399;Gielow (Gielow)
Alt Schwerin;36;Glashütte (Alt Schwerin)
Dargun, Stadt;230;Glasow (Dargun, Stadt)
Beggerow;159;Glendelin (Beggerow)
Friedland, Stadt;373;Glienke (Friedland, Stadt)
Neverin;699;Glocksin (Neverin)
Altentreptow, Stadt;144;Glückauf (Altentreptow, Stadt)
Südmüritz;565;Gneve (Südmüritz)
Borrentin;179;Gnevezow (Borrentin)
Gnevkow;402;Gnevkow (Gnevkow)
Feldberger Seenlandschaft;355;Gnewitz (Feldberger Seenlandschaft)
Ivenack;491;Goddin (Ivenack)
Godendorf;405;Godendorf (Godendorf)
Burg Stargard, Stadt;202;Godenswege (Burg Stargard, Stadt)
Kargow;238;Godow (Kargow)
Göhren-Lebbin;411;Göhren (Göhren-Lebbin)
Woldegk, Stadt;925;Göhren (Woldegk, Stadt)
Golchen;413;Golchen (Golchen)
Carpin;218;Goldenbaum (Carpin)
Groß Miltzow;441;Golm (Groß Miltzow)
Malchin, Stadt;573;Gorschendorf (Malchin, Stadt)
Gotthun;415;Gotthun (Gotthun)
Klink;519;Grabenitz (Klink)
Eldetal;417;Grabow (Eldetal)
Grabowhöfe;426;Grabowhöfe (Grabowhöfe)
Burg Stargard, Stadt;203;Gramelow (Burg Stargard, Stadt)
Grammentin;427;Grammentin (Grammentin)
Wokuhl-Dabelow;69;Grammertin (Wokuhl-Dabelow)
Kratzeburg;532;Granzin (Kratzeburg)
Mirow, Stadt;39;Granzow (Mirow, Stadt)
Feldberger Seenlandschaft;998;Gräpkenteich (Feldberger Seenlandschaft)
Grapzow;428;Grapzow (Grapzow)
Woldegk, Stadt;927;Grauenhagen (Woldegk, Stadt)
Meesiger;586;Gravelotte (Meesiger)
Grischow;432;Grischow (Grischow)
Ivenack;490;Grischow (Ivenack)
Bartow;155;Groß Below (Bartow)
Woldegk, Stadt;908;Groß Daberkow (Woldegk, Stadt)
Schloen-Dratow;765;Groß Dratow (Schloen-Dratow)
Penzlin, Stadt;270;Groß Flotow (Penzlin, Stadt)
Peenehagen;716;Groß Gievitz (Peenehagen)
Mölln;620;Groß Helle (Mölln)
Groß Kelle;433;Groß Kelle (Groß Kelle)
Penzlin, Stadt;266;Groß Lukow (Penzlin, Stadt)
Dargun, Stadt;224;Groß Methling (Dargun, Stadt)
Groß Miltzow;438;Groß Miltzow (Groß Miltzow)
Groß Nemerow;447;Groß Nemerow (Groß Nemerow)
Groß Plasten;450;Groß Plasten (Groß Plasten)
Userin;834;Groß Quassow (Userin)
Vollrathsruhe;861;Groß Rehberg (Vollrathsruhe)
Blankensee;169;Groß Schönfeld (Blankensee)
Groß Teetzleben;454;Groß Teetzleben (Groß Teetzleben)
Neustrelitz, Stadt;681;Groß Trebbow (Neustrelitz, Stadt)
Möllenhagen;611;Groß Varchow (Möllenhagen)
Penzlin, Stadt;273;Groß Vielen (Penzlin, Stadt)
Grünow;459;Grünow (Grünow)
Wustrow;45;Grünplan (Wustrow)
Fünfseen;384;Grüssow (Fünfseen)
Malchin, Stadt;572;Gülitz (Malchin, Stadt)
Gültz;464;Gültz (Gültz)
Gülzow;466;Gülzow (Gülzow)
Röckwitz;750;Gützkow (Röckwitz)
Malchin, Stadt;570;Hagensruhm (Malchin, Stadt)
Vollrathsruhe;108;Hallalit (Vollrathsruhe)
Wesenberg, Stadt;50;Hartenland (Wesenberg, Stadt)
Klein Vielen;507;Hartwigsdorf (Klein Vielen)
Blankensee;1660;Hasenhof (Blankensee)
Lindenberg;555;Hasseldorf (Lindenberg)
Feldberger Seenlandschaft;356;Hasselförde (Feldberger Seenlandschaft)
Friedland, Stadt;376;Heinrichshöh (Friedland, Stadt)
Friedland, Stadt;370;Heinrichswalde (Friedland, Stadt)
Woldegk, Stadt;907;Helpt (Woldegk, Stadt)
Kratzeburg;1001;Henningsfelde (Kratzeburg)
Gültz;463;Hermannshöhe (Gültz)
Wokuhl-Dabelow;68;Herzwolde (Wokuhl-Dabelow)
Woldegk, Stadt;923;Hildebrandshagen (Woldegk, Stadt)
Sietow;797;Hinrichsberg (Sietow)
Gielow;23;Hinrichsfelde (Gielow)
Peenehagen;707;Hinrichshagen (Peenehagen)
Woldegk, Stadt;929;Hinrichshagen (Woldegk, Stadt)
Eldetal;934;Hinrichshof (Eldetal)
Feldberger Seenlandschaft;351;Hochfeld (Feldberger Seenlandschaft)
Cölpin;221;Hochkamp (Cölpin)
Blankensee;54;Hoffelde (Blankensee)
Hohenbollentin;467;Hohenbollentin (Hohenbollentin)
Hohenmocker;469;Hohenbrünzow (Hohenmocker)
Schönfeld;776;Hohenfelde (Schönfeld)
Neddemin;632;Hohenmin (Neddemin)
Hohenmocker;472;Hohenmocker (Hohenmocker)
Friedland, Stadt;371;Hohenstein (Friedland, Stadt)
Hohen Wangelin;476;Hohen Wangelin (Hohen Wangelin)
Hohenzieritz;481;Hohenzieritz (Hohenzieritz)
Holldorf;483;Holldorf (Holldorf)
Mirow, Stadt;602;Holm (Mirow, Stadt)
Groß Miltzow;127;Holzendorf (Groß Miltzow)
Möllenhagen;613;Hoppenbarg (Möllenhagen)
Woldegk, Stadt;910;Hornshagen (Woldegk, Stadt)
Feldberger Seenlandschaft;347;Hullerbusch (Feldberger Seenlandschaft)
Faulenrost;324;Hungerstorf (Faulenrost)
Tützpatz;131;Idashof (Tützpatz)
Neuenkirchen;667;Ihlenfeld (Neuenkirchen)
Ivenack;488;Ivenack (Ivenack)
Jabel;495;Jabel (Jabel)
Fincken;363;Jaebetz (Fincken)
Waren (Müritz), Stadt;867;Jägerhof (Waren (Müritz), Stadt)
Wolde;902;Japzow (Wolde)
Friedland, Stadt;375;Jatzke (Friedland, Stadt)
Malchin, Stadt;14;Jettchenshof (Malchin, Stadt)
Beggerow;1;Johannenhöhe (Beggerow)
Woldegk, Stadt;916;Johannesgrund (Woldegk, Stadt)
Woldegk, Stadt;915;Johanneshöhe (Woldegk, Stadt)
Wesenberg, Stadt;1012;Johannesruh (Wesenberg, Stadt)
Peenehagen;114;Johannshof (Peenehagen)
Alt Schwerin;148;Jürgenshof (Alt Schwerin)
Jürgenstorf;499;Jürgenstorf (Jürgenstorf)
Fincken;357;Kaeselin (Fincken)
Breesen;189;Kalübbe (Breesen)
Groß Teetzleben;455;Kaluberhof (Groß Teetzleben)
Bollewick;177;Kambs (Bollewick)
Melz;1688;Karbow (Melz)
Melz;588;Karbow (Melz)
Bütow;214;Karchow (Bütow)
Kargow;237;Kargow (Kargow)
Demmin, Hansestadt;320;Karlshof (Demmin, Hansestadt)
Rosenow;99;Karlshof (Rosenow)
Neukalen, Stadt;670;Karnitz (Neukalen, Stadt)
Beggerow;162;Kaslin (Beggerow)
Knorrendorf;530;Kastorf (Knorrendorf)
Grapzow;429;Kessin (Grapzow)
Kieve;501;Kieve (Kieve)
Vollrathsruhe;859;Kirch Grubenhagen (Vollrathsruhe)
Göhren-Lebbin;406;Kirch Poppentin (Göhren-Lebbin)
Penkow;720;Kisserow (Penkow)
Kittendorf;503;Kittendorf (Kittendorf)
Altentreptow, Stadt;142;Klatzow (Altentreptow, Stadt)
Knorrendorf;529;Kleeth (Knorrendorf)
Groß Miltzow;435;Klein Daberkow (Groß Miltzow)
Schloen-Dratow;764;Klein Dratow (Schloen-Dratow)
Penzlin, Stadt;271;Klein Flotow (Penzlin, Stadt)
Peenehagen;714;Klein Gievitz (Peenehagen)
Mölln;623;Klein Helle (Mölln)
Vollrathsruhe;857;Klein Luckow (Vollrathsruhe)
Penzlin, Stadt;267;Klein Lukow (Penzlin, Stadt)
Dargun, Stadt;223;Klein Methling (Dargun, Stadt)
Groß Nemerow;448;Klein Nemerow (Groß Nemerow)
Groß Plasten;452;Klein Plasten (Groß Plasten)
Wesenberg, Stadt;48;Klein Quassow (Wesenberg, Stadt)
Vollrathsruhe;860;Klein Rehberg (Vollrathsruhe)
Groß Teetzleben;453;Klein Teetzleben (Groß Teetzleben)
Neustrelitz, Stadt;680;Klein Trebbow (Neustrelitz, Stadt)
Klein Vielen;510;Klein Vielen (Klein Vielen)
Breest;191;Klempenow (Breest)
Schönfeld;5;Klenz (Schönfeld)
Kletzin;514;Kletzin (Kletzin)
Klink;518;Klink (Klink)
Galenbeck;387;Klockow (Galenbeck)
Schloen-Dratow;763;Klockow (Schloen-Dratow)
Stavenhagen, Reuterstadt, Sta*;812;Klockow (Stavenhagen, Reuterstadt, Sta*)
Klocksin;523;Klocksin (Klocksin)
Hohen Wangelin;98;Kniep (Hohen Wangelin)
Knorrendorf;527;Knorrendorf (Knorrendorf)
Fincken;360;Knüppeldamm (Fincken)
Fünfseen;381;Kogel (Fünfseen)
Feldberger Seenlandschaft;958;Koldenhof (Feldberger Seenlandschaft)
Werder;882;Kölln (Werder)
Stavenhagen, Reuterstadt, Sta*;815;Kölpin (Stavenhagen, Reuterstadt, Sta*)
Eldetal;1661;Kornhorst (Eldetal)
Galenbeck;391;Kotelow (Galenbeck)
Rechlin;739;Kotzow (Rechlin)
Möllenhagen;614;Kraase (Möllenhagen)
Kratzeburg;533;Kratzeburg (Kratzeburg)
Groß Miltzow;434;Kreckow (Groß Miltzow)
Burg Stargard, Stadt;106;Kreuzbruchhof (Burg Stargard, Stadt)
Groß Nemerow;443;Krickow (Groß Nemerow)
Kratzeburg;531;Krienke (Kratzeburg)
Kriesow;536;Kriesow (Kriesow)
Kuckssee;243;Krukow (Kuckssee)
Feldberger Seenlandschaft;329;Krumbeck (Feldberger Seenlandschaft)
Lärz;548;Krümmel (Lärz)
Jürgenstorf;500;Krummsee (Jürgenstorf)
Feldberger Seenlandschaft;1014;Krüseliner Mühle (Feldberger Seenlandschaft)
Lindenberg;554;Krusemarkshagen (Lindenberg)
Kublank;542;Kublank (Kublank)
Kummerow;544;Kummerow (Kummerow)
Dargun, Stadt;296;Kützerhof (Dargun, Stadt)
Feldberger Seenlandschaft;353;Labee (Feldberger Seenlandschaft)
Feldberger Seenlandschaft;343;Laeven (Feldberger Seenlandschaft)
Neustrelitz, Stadt;692;Langhagen (Neustrelitz, Stadt)
Moltzow;624;Langwitz (Moltzow)
Neustrelitz, Stadt;694;Lankhorst (Neustrelitz, Stadt)
Peenehagen;715;Lansen (Peenehagen)
Kuckssee;246;Lapitz (Kuckssee)
Lärz;547;Lärz (Lärz)
Malchow, Stadt;583;Laschendorf (Malchow, Stadt)
Göhren-Lebbin;410;Lebbin (Göhren-Lebbin)
Groß Teetzleben;457;Lebbin (Groß Teetzleben)
Dargun, Stadt;229;Lehnenhof (Dargun, Stadt)
Möllenhagen;612;Lehsten (Möllenhagen)
Utzedel;841;Leistenow (Utzedel)
Leizen;553;Leizen (Leizen)
Malchow, Stadt;25;Lenz Nord (Malchow, Stadt)
Fünfseen;32;Lenz Süd (Fünfseen)
Lindetal;558;Leppin (Lindetal)
Siedenbrünzow;6;Leppin (Siedenbrünzow)
Gnevkow;403;Letzin (Gnevkow)
Gnevkow;123;Letzin-Siedlung (Gnevkow)
Kummerow;543;Leuschentin (Kummerow)
Mirow, Stadt;593;Leussow (Mirow, Stadt)
Peenehagen;709;Levenstorf (Peenehagen)
Dargun, Stadt;293;Levin (Dargun, Stadt)
Dargun, Stadt;294;Levin Werder (Dargun, Stadt)
Walow;863;Lexow (Walow)
Feldberger Seenlandschaft;333;Lichtenberg (Feldberger Seenlandschaft)
Friedland, Stadt;372;Liepen (Friedland, Stadt)
Gielow;398;Liepen (Gielow)
Hohen Wangelin;474;Liepen (Hohen Wangelin)
Lindenberg;556;Lindenberg (Lindenberg)
Userin;74;Lindenberg (Userin)
Demmin, Hansestadt;315;Lindenfelde (Demmin, Hansestadt)
Borrentin;180;Lindenhof (Borrentin)
Burg Stargard, Stadt;105;Lindenhof (Burg Stargard, Stadt)
Groß Miltzow;439;Lindow (Groß Miltzow)
Altentreptow, Stadt;143;Loickenzin (Altentreptow, Stadt)
Burg Stargard, Stadt;204;Loitz (Burg Stargard, Stadt)
Jabel;494;Loppin (Jabel)
Grabowhöfe;419;Louisenfeld (Grabowhöfe)
Galenbeck;390;Lübbersdorf (Galenbeck)
Penzlin, Stadt;256;Lübkow (Penzlin, Stadt)
Mölln;619;Lüdershof (Mölln)
Südmüritz;568;Ludorf (Südmüritz)
Golchen;122;Ludwigshöhe (Golchen)
Neuenkirchen;669;Luisenhof (Neuenkirchen)
Moltzow;627;Lupendorf (Moltzow)
Rosenow;754;Luplow (Rosenow)
Klocksin;521;Lütgendorf (Klocksin)
Feldberger Seenlandschaft;341;Lüttenhagen (Feldberger Seenlandschaft)
Neuenkirchen;81;Magdalenenhöh (Neuenkirchen)
Hohen Wangelin;477;Malkwitz (Hohen Wangelin)
Penzlin, Stadt;249;Mallin (Penzlin, Stadt)
Fincken;92;Marienhof (Fincken)
Lindetal;564;Marienhof (Lindetal)
Wolde;128;Marienhof (Wolde)
Gnevkow;124;Marienhöhe (Gnevkow)
Penzlin, Stadt;269;Marihn (Penzlin, Stadt)
Ivenack;486;Markow (Ivenack)
Moltzow;630;Marxhagen (Moltzow)
Eldetal;585;Massow (Eldetal)
Schönhausen;778;Matzdorf (Schönhausen)
Kummerow;29;Maxfelde (Kummerow)
Feldberger Seenlandschaft;350;Mechow (Feldberger Seenlandschaft)
Nossendorf;700;Medrow (Nossendorf)
Meesiger;587;Meesiger (Meesiger)
Torgelow am See;110;Meierei (Torgelow am See)
Melz;589;Melz (Melz)
Borrentin;181;Metschow (Borrentin)
Woldegk, Stadt;911;Mildenitz (Woldegk, Stadt)
Pripsleben;729;Miltitzwalde (Pripsleben)
Peenehagen;717;Minenhof (Peenehagen)
Leizen;551;Minzow (Leizen)
Kittendorf;504;Mittelhof (Kittendorf)
Möllenbeck;608;Möllenbeck (Möllenbeck)
Möllenhagen;618;Möllenhagen (Möllenhagen)
Penzlin, Stadt;262;Mollenstorf (Penzlin, Stadt)
Mölln;622;Mölln (Mölln)
Borrentin;182;Moltzahn (Borrentin)
Moltzow;631;Moltzow (Moltzow)
Alt Schwerin;35;Mönchbusch (Alt Schwerin)
Eldetal;935;Mönchshof (Eldetal)
Burow;210;Mühlenhagen (Burow)
Neddemin;633;Neddemin (Neddemin)
Neetzka;635;Neetzka (Neetzka)
Basedow;19;Neu Basedow (Basedow)
Dargun, Stadt;231;Neubauhof (Dargun, Stadt)
Stavenhagen, Reuterstadt, Sta*;811;Neubauhof (Stavenhagen, Reuterstadt, Sta*)
Bredenfelde;283;Neu Bredenfelde (Bredenfelde)
Wokuhl-Dabelow;67;Neubrück (Wokuhl-Dabelow)
Wustrow;43;Neu Canow (Wustrow)
Dargun, Stadt;1659;Neu Darbein (Dargun, Stadt)
Wustrow;42;Neu Drosedow (Wustrow)
Wulkenzin;939;Neuendorf (Wulkenzin)
Altenhagen;137;Neuenhagen (Altenhagen)
Neuenkirchen;668;Neuenkirchen (Neuenkirchen)
Waren (Müritz), Stadt;869;Neu Falkenhagen (Waren (Müritz), Stadt)
Jabel;493;Neu Gaarz (Jabel)
Lärz;89;Neu Gaarz (Lärz)
Feldberger Seenlandschaft;328;Neugarten (Feldberger Seenlandschaft)
Fünfseen;31;Neu Grüssow (Fünfseen)
Basedow;18;Neuhäuser (Basedow)
Blankensee;55;Neuhof (Blankensee)
Feldberger Seenlandschaft;342;Neuhof (Feldberger Seenlandschaft)
Klocksin;1681;Neuhof (Klocksin)
Penzlin, Stadt;276;Neuhof (Penzlin, Stadt)
Stavenhagen, Reuterstadt, Sta*;817;Neu Jürgensdorf (Stavenhagen, Reuterstadt, Sta*)
Cölpin;222;Neu Käbelich (Cölpin)
Kentzlin;3;Neu Kentzlin (Kentzlin)
Eldetal;82;Neukrug (Eldetal)
Malchin, Stadt;575;Neu Panstorf (Malchin, Stadt)
Wulkenzin;944;Neu Rhäse (Wulkenzin)
Klocksin;522;Neu Sapshagen (Klocksin)
Schloen-Dratow;768;Neu Schloen (Schloen-Dratow)
Peenehagen;711;Neu Schönau (Peenehagen)
Schönbeck;125;Neu Schönbeck (Schönbeck)
Sommersdorf;7;Neu Sommersdorf (Sommersdorf)
Stuer;821;Neu Stuer (Stuer)
Pripsleben;133;Neuwalde (Pripsleben)
Wustrow;946;Neu Wustrow (Wustrow)
Neverin;698;Neverin (Neverin)
Nossendorf;703;Nossendorf (Nossendorf)
Nossentiner Hütte;706;Nossentiner Hütte (Nossentiner Hütte)
Silz;802;Nossentin (Silz)
Schloen-Dratow;112;Oberschloen (Schloen-Dratow)
Carpin;286;Oberzinow (Carpin)
Woldegk, Stadt;906;Oertzenhof (Woldegk, Stadt)
Kittendorf;502;Oevelgünde (Kittendorf)
Grünow;461;Ollendorf (Grünow)
Woldegk, Stadt;930;Oltschlott (Woldegk, Stadt)
Alt Schwerin;33;Ortkrug (Alt Schwerin)
Wustrow;41;Pälitzhof (Wustrow)
Grabowhöfe;423;Panschenhagen (Grabowhöfe)
Woldegk, Stadt;905;Pasenow (Woldegk, Stadt)
Penzlin, Stadt;250;Passentin (Penzlin, Stadt)
Klein Vielen;511;Peckatel (Klein Vielen)
Gielow;22;Peenhäuser (Gielow)
Hohenmocker;468;Peeselin (Hohenmocker)
Mirow, Stadt;601;Peetsch (Mirow, Stadt)
Wesenberg, Stadt;47;Pelzkuhl (Wesenberg, Stadt)
Penkow;719;Penkow (Penkow)
Kletzin;516;Pensin (Kletzin)
Borrentin;183;Pentz (Borrentin)
Fünfseen;30;Petersdorf (Fünfseen)
Woldegk, Stadt;721;Petersdorf (Woldegk, Stadt)
Woldegk, Stadt;918;Pfarrhof (Woldegk, Stadt)
Altenhagen;135;Philippshof (Altenhagen)
Kratzeburg;534;Pieverstorf (Kratzeburg)
Breesen;188;Pinnow (Breesen)
Malchin, Stadt;323;Pinnow (Malchin, Stadt)
Malchin, Stadt;13;Pisede (Malchin, Stadt)
Lindetal;560;Plath (Lindetal)
Datzetal;300;Pleetz (Datzetal)
Trollenhagen;827;Podewall (Trollenhagen)
Schönbeck;770;Poggendorf (Schönbeck)
Göhren-Lebbin;408;Poppentin (Göhren-Lebbin)
Pragsdorf;723;Pragsdorf (Pragsdorf)
Neustrelitz, Stadt;695;Prälank (Neustrelitz, Stadt)
Stavenhagen, Reuterstadt, Sta*;810;Pribbenow (Stavenhagen, Reuterstadt, Sta*)
Priborn;725;Priborn (Priborn)
Priepert;726;Priepert (Priepert)
Hohenzieritz;479;Prillwitz (Hohenzieritz)
Pripsleben;727;Pripsleben (Pripsleben)
Bartow;154;Pritzenow (Bartow)
Gnevkow;401;Prützen (Gnevkow)
Kuckssee;245;Puchow (Kuckssee)
Blumenholz;995;Pulvermühle (Blumenholz)
Möllenbeck;610;Quadenschönfeld (Möllenbeck)
Mirow, Stadt;37;Qualzow (Mirow, Stadt)
Burg Stargard, Stadt;205;Quastenberg (Burg Stargard, Stadt)
Kletzin;515;Quitzerow (Kletzin)
Priepert;46;Radensee (Priepert)
Kuckssee;96;Rahnenfelde (Kuckssee)
Moltzow;629;Rambow (Moltzow)
Friedland, Stadt;365;Ramelow (Friedland, Stadt)
Demmin, Hansestadt;305;Randow (Demmin, Hansestadt)
Schönbeck;771;Rattey (Schönbeck)
Rechlin;738;Rechlin-Nord (Rechlin)
Rechlin;1344;Rechlin (Rechlin)
Woldegk, Stadt;931;Rehberg (Woldegk, Stadt)
Kargow;241;Rehhof (Kargow)
Wolde;903;Reinberg (Wolde)
Dargun, Stadt;295;Remershof (Dargun, Stadt)
Malchin, Stadt;579;Remplin (Malchin, Stadt)
Möllenhagen;616;Rethwisch (Möllenhagen)
Malchin, Stadt;571;Retzow (Malchin, Stadt)
Rechlin;740;Retzow (Rechlin)
Altentreptow, Stadt;992;Reutershof (Altentreptow, Stadt)
Stavenhagen, Reuterstadt, Sta*;818;Reutershof (Stavenhagen, Reuterstadt, Sta*)
Burg Stargard, Stadt;206;Riepke (Burg Stargard, Stadt)
Faulenrost;326;Rittermannshagen (Faulenrost)
Faulenrost;21;Rittmannshagen Hof (Faulenrost)
Ritzerow;744;Ritzerow (Ritzerow)
Möllenhagen;615;Rockow (Möllenhagen)
Röckwitz;751;Röckwitz (Röckwitz)
Blankensee;168;Rödlin (Blankensee)
Göhren-Lebbin;412;Roez (Göhren-Lebbin)
Datzetal;301;Roga (Datzetal)
Fünfseen;379;Rogeez (Fünfseen)
Brunn;197;Roggenhagen (Brunn)
Mirow, Stadt;592;Roggentin (Mirow, Stadt)
Galenbeck;10;Rohrkrug (Galenbeck)
Golchen;121;Rohrsoll (Golchen)
Utzedel;838;Roidin (Utzedel)
Blankensee;53;Rollenhagen (Blankensee)
Altentreptow, Stadt;140;Rosemarsow (Altentreptow, Stadt)
Lindetal;561;Rosenhagen (Lindetal)
Feldberger Seenlandschaft;348;Rosenhof (Feldberger Seenlandschaft)
Rosenow;757;Rosenow (Rosenow)
Staven;809;Rossow (Staven)
Groß Teetzleben;134;Rottenhof (Groß Teetzleben)
Jürgenstorf;497;Rottmannshagen (Jürgenstorf)
Holldorf;482;Rowa (Holldorf)
Waren (Müritz), Stadt;868;Rügeband (Waren (Müritz), Stadt)
Sponholz;805;Rühlow (Sponholz)
Ankershagen;152;Rumpshagen  (Ankershagen)
Groß Plasten;451;Rundling (Groß Plasten)
Zettemin;952;Rützenfelde (Zettemin)
Burg Stargard, Stadt;207;Sabel (Burg Stargard, Stadt)
Datzetal;396;Sadelkow (Datzetal)
Malchin, Stadt;578;Salem (Malchin, Stadt)
Datzetal;299;Salow (Datzetal)
Kublank;541;Sandberg (Kublank)
Galenbeck;389;Sandhagen (Galenbeck)
Hohenzieritz;480;Sandmühle (Hohenzieritz)
Siedenbrünzow;789;Sanzkow (Siedenbrünzow)
Sarow;761;Sarow (Sarow)
Fünfseen;380;Satow (Fünfseen)
Fünfseen;382;Satow-Hütte (Fünfseen)
Woldegk, Stadt;1030;Scharnhorst (Woldegk, Stadt)
Malchin, Stadt;580;Scharpzow (Malchin, Stadt)
Mirow, Stadt;51;Schillersdorf (Mirow, Stadt)
Neukalen, Stadt;672;Schlakendorf (Neukalen, Stadt)
Feldberger Seenlandschaft;332;Schlicht (Feldberger Seenlandschaft)
Schloen-Dratow;111;Schloener Kolonie (Schloen-Dratow)
Schloen-Dratow;769;Schloen (Schloen-Dratow)
Vollrathsruhe;858;Schloß Grubenhagen (Vollrathsruhe)
Torgelow am See;825;Schmachthagen (Torgelow am See)
Wolde;904;Schmiedenfelde (Wolde)
Schönbeck;773;Schönbeck (Schönbeck)
Schönfeld;774;Schönfeld (Schönfeld)
Schönhausen;781;Schönhausen (Schönhausen)
Feldberger Seenlandschaft;335;Schönhof (Feldberger Seenlandschaft)
Neukalen, Stadt;676;Schönkamp (Neukalen, Stadt)
Siedenbollentin;786;Schönkamp (Siedenbollentin)
Neukalen, Stadt;677;Schorrentin (Neukalen, Stadt)
Tützpatz;831;Schossow (Tützpatz)
Faulenrost;24;Schwabendorf (Faulenrost)
Friedland, Stadt;364;Schwanbeck (Friedland, Stadt)
Rosenow;753;Schwandt (Rosenow)
Dargun, Stadt;298;Schwarzenhof (Dargun, Stadt)
Kargow;240;Schwarzenhof (Kargow)
Peenehagen;710;Schwarzenhof (Peenehagen)
Schwarz;785;Schwarz (Schwarz)
Schloen-Dratow;767;Schwastorf (Schloen-Dratow)
Waren (Müritz), Stadt;870;Schwenzin (Waren (Müritz), Stadt)
Borrentin;184;Schwichtenberg (Borrentin)
Galenbeck;386;Schwichtenberg (Galenbeck)
Moltzow;625;Schwinkendorf (Moltzow)
Basedow;12;Seedorf (Basedow)
Demmin, Hansestadt;304;Seedorf (Demmin, Hansestadt)
Wustrow;44;Seewalde (Wustrow)
Gültz;462;Seltz (Gültz)
Klink;520;Sembzin (Klink)
Carpin;58;Serrahn (Carpin)
Demmin, Hansestadt;1663;Siebeneichen (Demmin, Hansestadt)
Siedenbollentin;787;Siedenbollentin (Siedenbollentin)
Siedenbrünzow;792;Siedenbrünzow (Siedenbrünzow)
Penzlin, Stadt;253;Siehdichum (Penzlin, Stadt)
Sietow;84;Sietow-Dorf (Sietow)
Sietow;798;Sietow (Sietow)
Silz;800;Silz Ausbau (Silz)
Silz;801;Silz (Silz)
Südmüritz;851;Solzow (Südmüritz)
Sommersdorf;803;Sommersdorf (Sommersdorf)
Grabowhöfe;420;Sommerstorf (Grabowhöfe)
Grabowhöfe;418;Sophienhof (Grabowhöfe)
Peenehagen;718;Sorgenlos (Peenehagen)
Nossentiner Hütte;705;Sparow (Nossentiner Hütte)
Kargow;242;Speck (Kargow)
Bollewick;174;Spitzkuhn (Bollewick)
Sponholz;807;Sponholz (Sponholz)
Mirow, Stadt;600;Starsow (Mirow, Stadt)
Stavenhagen, Reuterstadt, Sta*;816;Stavenhof (Stavenhagen, Reuterstadt, Sta*)
Staven;808;Staven (Staven)
Röbel/Müritz, Stadt;746;Steindamm (Röbel/Müritz, Stadt)
Carpin;1002;Steinmühle (Carpin)
Hohenmocker;473;Sternfeld (Hohenmocker)
Basedow;16;Stöckersoll (Basedow)
Möllenbeck;609;Stolpe (Möllenbeck)
Wesenberg, Stadt;888;Strasen (Wesenberg, Stadt)
Hohenmocker;470;Strehlow (Hohenmocker)
Walow;864;Strietfeld (Walow)
Dargun, Stadt;225;Stubbendorf (Dargun, Stadt)
Stuer;822;Stuer (Stuer)
Stuer;820;Stuer-Vorwerk (Stuer)
Stuer;1664;Stuer Winkel (Stuer)
Zislow;954;Suckow (Zislow)
Briggow;193;Sülten (Briggow)
Blankensee;52;Tannenhof (Blankensee)
Rosenow;756;Tarnowower Mühle (Rosenow)
Rosenow;755;Tarnow (Rosenow)
Basedow;20;Teerofen (Basedow)
Carpin;287;Teerofen (Carpin)
Mirow, Stadt;1019;Teerofen-Schillersdorf (Mirow, Stadt)
Hohenmocker;471;Tentzerow (Hohenmocker)
Burg Stargard, Stadt;208;Teschendorf (Burg Stargard, Stadt)
Utzedel;839;Teusin (Utzedel)
Altentreptow, Stadt;145;Thalberg (Altentreptow, Stadt)
Altentreptow, Stadt;1665;Thalberg Ausbau (Altentreptow, Stadt)
Carpin;219;Thurow (Carpin)
Nossendorf;701;Toitz (Nossendorf)
Groß Nemerow;104;Tollenseheim (Groß Nemerow)
Torgelow am See;823;Torgelow am See (Torgelow am See)
Feldberger Seenlandschaft;336;Tornowhof (Feldberger Seenlandschaft)
Sarow;759;Törpin (Sarow)
Moltzow;626;Tressow (Moltzow)
Feldberger Seenlandschaft;352;Triepkendorf (Feldberger Seenlandschaft)
Schönfeld;777;Trittelwitz (Schönfeld)
Lärz;91;Troja (Lärz)
Trollenhagen;830;Trollenhagen (Trollenhagen)
Altentreptow, Stadt;235;Trostfelde (Altentreptow, Stadt)
Golchen;120;Tückhude (Golchen)
Tützpatz;832;Tützpatz (Tützpatz)
Kriesow;537;Tüzen (Kriesow)
Kletzin;513;Ückeritz (Kletzin)
Groß Miltzow;440;Ulrichshof (Groß Miltzow)
Moltzow;628;Ulrichshusen (Moltzow)
Göhren-Lebbin;40;Untergöhren (Göhren-Lebbin)
Warrenzin;878;Upost (Warrenzin)
Blumenholz;171;Usadel (Blumenholz)
Userin;73;Useriner Mühle (Userin)
Userin;836;Userin (Userin)
Utzedel;842;Utzedel (Utzedel)
Siedenbrünzow;794;Vanselow (Siedenbrünzow)
Groß Plasten;844;Varchentin (Groß Plasten)
Verchen;849;Verchen (Verchen)
Grabowhöfe;425;Vielist (Grabowhöfe)
Rechlin;741;Vietzen (Rechlin)
Malchin, Stadt;11;Viezenhof (Malchin, Stadt)
Südmüritz;853;Vipperow (Südmüritz)
Woldegk, Stadt;926;Vogelsang (Woldegk, Stadt)
Voigtsdorf;856;Voigtsdorf (Voigtsdorf)
Nossendorf;702;Volksdorf (Nossendorf)
Vollrathsruhe;107;Vollrathsruhe (Vollrathsruhe)
Woldegk, Stadt;932;Vorheide (Woldegk, Stadt)
Rosenow;752;Voßfeld (Rosenow)
Jürgenstorf;498;Voßhagen (Jürgenstorf)
Userin;837;Voßwinkel (Userin)
Ritzerow;743;Wackerow (Ritzerow)
Dargun, Stadt;297;Wagun (Dargun, Stadt)
Demmin, Hansestadt;309;Waldberg (Demmin, Hansestadt)
Feldberger Seenlandschaft;354;Waldsee (Feldberger Seenlandschaft)
Walow;865;Walow (Walow)
Blankensee;56;Wanzka (Blankensee)
Möllenbeck;606;Warbende (Möllenbeck)
Sponholz;804;Warlin (Sponholz)
Warrenzin;877;Warrenzin (Warrenzin)
Neukalen, Stadt;674;Warsow (Neukalen, Stadt)
Blankensee;170;Watzkendorf (Blankensee)
Blumenholz;63;Weisdin (Blumenholz)
Feldberger Seenlandschaft;338;Weitendorf (Feldberger Seenlandschaft)
Ivenack;489;Weitendorf (Ivenack)
Burow;211;Weltzin (Burow)
Blumenholz;64;Wendfeld (Blumenholz)
Göhren-Lebbin;409;Wendhof (Göhren-Lebbin)
Malchin, Stadt;577;Wendischhagen (Malchin, Stadt)
Feldberger Seenlandschaft;330;Wendorf (Feldberger Seenlandschaft)
Möllenhagen;617;Wendorf (Möllenhagen)
Penzlin, Stadt;257;Werder (Penzlin, Stadt)
Werder;880;Werder (Werder)
Wildberg;890;Wildberg (Wildberg)
Bollewick;176;Wildkuhl (Bollewick)
Blumenholz;990;Wilhelminenhof (Blumenholz)
Woldegk, Stadt;919;Wilhelmshof (Woldegk, Stadt)
Wesenberg, Stadt;1013;Wilhelmshöh (Wesenberg, Stadt)
Wildberg;130;Wischershausen (Wildberg)
Galenbeck;393;Wittenborn (Galenbeck)
Feldberger Seenlandschaft;344;Wittenhagen (Feldberger Seenlandschaft)
Werder;881;Wodarg (Werder)
Woggersin;894;Woggersin (Woggersin)
Wokuhl-Dabelow;895;Wokuhl (Wokuhl-Dabelow)
Wolde;901;Wolde (Wolde)
Leizen;550;Woldzegarten (Leizen)
Warrenzin;879;Wolkow (Warrenzin)
Wildberg;891;Wolkow (Wildberg)
Borrentin;185;Wolkwitz (Borrentin)
Demmin, Hansestadt;306;Wotenick (Demmin, Hansestadt)
Feldberger Seenlandschaft;334;Wrechen (Feldberger Seenlandschaft)
Eldetal;937;Wredenhagen (Eldetal)
Mölln;621;Wrodow (Mölln)
Wulkenzin;941;Wulkenzin (Wulkenzin)
Stavenhagen, Reuterstadt, Sta*;814;Wüstgrabow (Stavenhagen, Reuterstadt, Sta*)
Penzlin, Stadt;254;Wustrow (Penzlin, Stadt)
Wustrow;947;Wustrow (Wustrow)
Wokuhl-Dabelow;66;Wutschendorf (Wokuhl-Dabelow)
Siedenbrünzow;790;Zachariae (Siedenbrünzow)
Blumenholz;1010;Zachow Försterei (Blumenholz)
Groß Nemerow;442;Zachow (Groß Nemerow)
Penzlin, Stadt;274;Zahren (Penzlin, Stadt)
Dargun, Stadt;233;Zarnekow (Dargun, Stadt)
Rechlin;735;Zartwitzer Hütte (Rechlin)
Rechlin;736;Zartwitz (Rechlin)
Blumenholz;1023;Zechow (Blumenholz)
Eldetal;949;Zepkow (Eldetal)
Zettemin;951;Zettemin (Zettemin)
Blumenholz;281;Ziegelei (Blumenholz)
Südmüritz;569;Zielow (Südmüritz)
Sietow;795;Zierzow (Sietow)
Mirow, Stadt;591;Zietlitz (Mirow, Stadt)
Carpin;59;Zinow (Carpin)
Hohenzieritz;478;Zippelow (Hohenzieritz)
Wesenberg, Stadt;883;Zirtow (Wesenberg, Stadt)
Zirzow;953;Zirzow (Zirzow)
Zislow;956;Zislow (Zislow)
Ivenack;487;Zolkendorf (Ivenack)
Userin;72;Zwenzow (Userin)
Wolde;900;Zwiedorf (Wolde)
